<container xmlns="http://symfony.com/schema/dic/services"
           xmlns:xsi="http://www.w3.org/2001/XMLSchema-instance"
           xsi:schemaLocation="http://symfony.com/schema/dic/services http://symfony.com/schema/dic/services/services-1.0.xsd">

    <services>
        <!-- Add emotion component auto loader -->
        <service id="test_element.emotion_view_subscriber" class="Shopware\Components\Emotion\EmotionComponentViewSubscriber">
            <argument>%test_element.plugin_dir%</argument>
            <tag name="shopware.event_subscriber" />
        </service>

        <!-- Add TemplateRegistration subscriber-->
        <service id="test_element.subscriber.templates" class="TestElement\Subscriber\TemplateRegistration">
            <argument>%test_element.plugin_dir%</argument>
            <tag name="shopware.event_subscriber"/>
        </service>
    </services>
</container>
